Classifier,Accuracy,Precision,Recall,F1,AUC_ROC,Seconds
XGB,0.8323150099347704,0.7323074585602048,0.4787658849390617,0.5784058694465795,0.8331710509697399,3532.0
